BrasserieBlanc,ChanceryLane,chancerylane@brasserieblanc.com,3484855
BrasserieBlanc,FulhamReach,fulhamreach@brasserieblanc.com,3484859
BrasserieBlanc,MiltonKeynes,miltonkeynes@brasserieblanc.com,3484847
BrasserieBlanc,Beaconsfield,beaconsfield@brasserieblanc.com,3484853
BrasserieBlanc,Southbank,southbank@brasserieblanc.com,3484854
BrasserieBlanc,TowerofLondon,toweroflondon@brasserieblanc.com,3484856
BrasserieBlanc,ThreadneedleStreet,threadneedlestreet@brasserieblanc.com,3484850
Boot,Histon,histon@whitebrasserie.com,3484968
Hare,OldRedding,oldredding@whitebrasserie.com,3484957
Highwayman,Berkhamsted,berkhamsted@whitebrasserie.com,3484969
JobbersRest,Upminster,upminster@whitebrasserie.com,3484966
JollyFarmer,ChalfontStPeter,chalfontstpeter@whitebrasserie.com,3484965
QueensHead,Weybridge,weybridge@whitebrasserie.com,3484955
WhiteBear,Ruislip,ruislip@whitebrasserie.com,3484961
GeneralManager,ThreadneedleStreet,gm.threadneedlestreet@brasserieblanc.com,"3484786
3484850"
GeneralManager,FulhamReach,gm.fulhamreach@brasserieblanc.com,"3484795
3484859"
GeneralManager,Weybridge,gm.weybridge@whitebrasserie.com,"3484893
3484955"
GeneralManager,Southbank,gm.southbank@brasserieblanc.com,"3484790
3484854"
GeneralManager,TowerofLondon,gm.toweroflondon@brasserieblanc.com,"3484792
3484856"
GeneralManager,ChanceryLane,gm.chancerylane@brasserieblanc.com,"3484791
3484855"
GeneralManager,OldRedding,gm.oldredding@whitebrasserie.com,"3484895
3484957"
GeneralManager,Upminster,gm.upminster@whitebrasserie.com,"3484904
3484966"
GeneralManager,Beaconsfield,gm.beaconsfield@brasserieblanc.com,"3484789
3484853"
GeneralManager,ChalfontStPeter,gm.chalfontstpeter@whitebrasserie.com,"3484903
3484965"
GeneralManager,Histon,gm.histon@whitebrasserie.com,"3484906
3484968"
GeneralManager,Ruislip,gm.ruislip@whitebrasserie.com,"3484899
3484961"
GeneralManager,Berkhamsted,gm.berkhamsted@whitebrasserie.com,"3484907
3484969"
GeneralManager,Milton Keynes,gm.miltonkeynes@brasserieblanc.com,"3484783
3484847"
HeadChef,ThreadneedleStreet,hc.threadneedlestreet@brasserieblanc.com,3484850
HeadChef,FulhamReach,hc.fulhamreach@brasserieblanc.com,3484859
HeadChef,Weybridge,hc.weybridge@whitebrasserie.com,3484955
HeadChef,Southbank,hc.southbank@brasserieblanc.com,3484854
HeadChef,TowerofLondon,hc.toweroflondon@brasserieblanc.com,3484856
HeadChef,ChanceryLane,hc.chancerylane@brasserieblanc.com,3484855
HeadChef,OldRedding,hc.oldredding@whitebrasserie.com,3484957
HeadChef,Upminster,hc.upminster@whitebrasserie.com,3484966
HeadChef,Beaconsfield,hc.beaconsfield@brasserieblanc.com,3484853
HeadChef,ChalfontStPeter,hc.chalfontstpeter@whitebrasserie.com,3484965
HeadChef,Histon,hc.histon@whitebrasserie.com,3484968
HeadChef,Ruislip,hc.ruislip@whitebrasserie.com,3484961
HeadChef,Berkhamsted,hc.berkhamsted@whitebrasserie.com,3484969
Head  Chef,Milton Keynes,hc.miltonkeynes@brasserieblanc.com,3484847